Workbook

Sheet README
A1: FUND OPERATIONS RECONCILIATION FRAMEWORK
A3: Author: Vismay Somi Reddy
A4: Date: May 2026
A6: PROJECT OVERVIEW:
A7: This Excel-based reconciliation framework demonstrates fund operations processes used in hedge fund middle offices.
A9: COMPONENTS:
A10: • 100 internal trade records
A11: • 98 external broker confirmations
A12: • Automated XLOOKUP matching logic
A13: • Break detection (Quantity, Price, Status, Missing trades)
A14: • Executive dashboard with 82% reconciliation rate
A15: • Complete security master data (102 securities)
... A22: Sample data used for demonstration purposes

Sheet Internal_Trades
A1: Trade_ID | B1: Trade_Date | C1: Security | D1: Side | E1: Qauntity | F1: Price | G1: Settlement_Date | H1: Status
A2: TR001 | B2: 46027 | C2: AAPL | D2: Buy | E2: 1000 | F2: 175.5 | G2: 46029 | H2: Settled
A3: TR002 | B3: 46027 | C3: MSFT | D3: Sell | E3: 500 | F3: 420.25 | G3: 46029 | H3: Settled
A4: TR003 | B4: 46027 | C4: GOOGL | D4: Buy | E4: 300 | F4: 142.8 | G4: 46029 | H4: Settled
A5: TR004 | B5: 46027 | C5: TSLA | D5: Buy | E5: 750 | F5: 245.6 | G5: 46029 | H5: Settled
A6: TR005 | B6: 46027 | C6: JPM | D6: Sell | E6: 200 | F6: 158.9 | G6: 46029 | H6: Settled
A7: TR006 | B7: 46027 | C7: NVDA | D7: Buy | E7: 400 | F7: 880 | G7: 46029 | H7: Settled
A8: TR007 | B8: 46027 | C8: META | D8: Sell | E8: 600 | F8: 485.3 | G8: 46029 | H8: Settled
A9: TR008 | B9: 46027 | C9: AMZN | D9: Buy | E9: 350 | F9: 178.45 | G9: 46029 | H9: Settled
A10: TR009 | B10: 46027 | C10: BRK.B | D10: Buy | E10: 150 | F10: 420.75 | G10: 46029 | H10: Settled
A11: TR010 | B11: 46027 | C11: V | D11: Sell | E11: 500 | F11: 275.2 | G11: 46029 | H11: Settled
A12: TR011 | B12: 46058 | C12: GS | D12: Buy | E12: 250 | F12: 485.6 | G12: 46030 | H12: Pending
A13: TR012 | B13: 46058 | C13: NFLX | D13: Sell | E13: 400 | F13: 625.8 | G13: 46030 | H13: Settled
... A81: TR080 | B81: 46361 | C81: UAL | D81: Sell | E81: 600 | F81: 52.3 | G81: 46036 | H81: Settled
A82: TR081 | B82: 05/13/2026 | C82: LUV | D82: Buy | E82: 800 | F82: 32.6 | G82: 46037 | H82: Pending
A83: TR082 | B83: 05/13/2026 | C83: ALK | D83: Sell | E83: 400 | F83: 45.9 | G83: 46037 | H83: Settled
A84: TR083 | B84: 05/13/2026 | C84: JBLU | D84: Buy | E84: 1000 | F84: 7.85 | G84: 46037 | H84: Settled
A85: TR084 | B85: 05/13/2026 | C85: SAVE | D85: Sell | E85: 750 | F85: 4.2 | G85: 46037 | H85: Settled
A86: TR085 | B86: 05/13/2026 | C86: HA | D86: Buy | E86: 500 | F86: 12.45 | G86: 46037 | H86: Settled
A87: TR086 | B87: 05/13/2026 | C87: CCL | D87: Sell | E87: 900 | F87: 18.75 | G87: 46037 | H87: Settled
A88: TR087 | B88: 05/13/2026 | C88: RCL | D88: Buy | E88: 350 | F88: 165.4 | G88: 46037 | H88: Settled
A89: TR088 | B89: 05/13/2026 | C89: NCLH | D89: Sell | E89: 600 | F89: 22.9 | G89: 46037 | H89: Settled
A90: TR089 | B90: 05/13/2026 | C90: CUK | D90: Buy | E90: 450 | F90: 18.6 | G90: 46037 | H90: Settled
A91: TR090 | B91: 05/13/2026 | C91: PLNT | D91: Sell | E91: 300 | F91: 72.35 | G91: 46037 | H91: Settled
A92: TR091 | B92: 05/14/2026 | C92: LULU | D92: Buy | E92: 250 | F92: 385.6 | G92: 46038 | H92: Settled
A93: TR092 | B93: 05/14/2026 | C93: DECK | D93: Sell | E93: 150 | F93: 985.4 | G93: 46038 | H93: Settled
... A101: TR100 | B101: 05/14/2026 | C101: RH | D101: Sell | E101: 100 | F101: 312.9 | G101: 46038 | H101: Settled

Sheet Broker_Confirms
A1: Confirm_ID | B1: Trade_Date | C1: Security | D1: Side | E1: Quantity | F1: Price | G1: Settlement_Date | H1: Status
A2: BR001 | B2: 46027 | C2: AAPL | D2: Buy | E2: 1000 | F2: 175.5 | G2: 46029 | H2: Settled
A3: BR002 | B3: 46027 | C3: MSFT | D3: Sell | E3: 499 | F3: 420.25 | G3: 46029 | H3: Settled
A4: BR003 | B4: 46027 | C4: GOOGL | D4: Buy | E4: 300 | F4: 142.8 | G4: 46029 | H4: Settled
A5: BR004 | B5: 46027 | C5: TSLA | D5: Buy | E5: 750 | F5: 245.85 | G5: 46029 | H5: Settled
A6: BR005 | B6: 46027 | C6: JPM | D6: Sell | E6: 200 | F6: 158.9 | G6: 46029 | H6: Settled
A7: BR006 | B7: 46027 | C7: NVDA | D7: Buy | E7: 400 | F7: 880 | G7: 46029 | H7: Settled
A8: BR007 | B8: 46027 | C8: META | D8: Sell | E8: 600 | F8: 485.3 | G8: 46029 | H8: Settled
A9: BR008 | B9: 46027 | C9: AMZN | D9: Buy | E9: 350 | F9: 178.45 | G9: 46029 | H9: Settled
A10: BR009 | B10: 46027 | C10: BRK.B | D10: Buy | E10: 150 | F10: 420.75 | G10: 46029 | H10: Settled
A11: BR010 | B11: 46027 | C11: V | D11: Sell | E11: 500 | F11: 275.2 | G11: 46029 | H11: Settled
A12: BR012 | B12: 46058 | C12: NFLX | D12: Sell | E12: 400 | F12: 625.8 | G12: 46030 | H12: Settled
A13: BR013 | B13: 46058 | C13: DIS | D13: Buy | E13: 798 | F13: 112.4 | G13: 46030 | H13: Settled
... A78: BR080 | B78: 46361 | C78: UAL | D78: Sell | E78: 600 | F78: 52.3 | G78: 46036 | H78: Settled
A79: BR082 | B79: 05/13/2026 | C79: ALK | D79: Sell | E79: 400 | F79: 45.9 | G79: 46037 | H79: Settled
A80: BR083 | B80: 05/13/2026 | C80: JBLU | D80: Buy | E80: 1000 | F80: 7.85 | G80: 46037 | H80: Settled
A81: BR084 | B81: 05/13/2026 | C81: SAVE | D81: Sell | E81: 750 | F81: 4.2 | G81: 46037 | H81: Settled
A82: BR085 | B82: 05/13/2026 | C82: HA | D82: Buy | E82: 500 | F82: 12.5 | G82: 46037 | H82: Settled
A83: BR086 | B83: 05/13/2026 | C83: CCL | D83: Sell | E83: 900 | F83: 18.75 | G83: 46037 | H83: Settled
A84: BR087 | B84: 05/13/2026 | C84: RCL | D84: Buy | E84: 350 | F84: 165.4 | G84: 46037 | H84: Settled
A85: BR088 | B85: 05/13/2026 | C85: NCLH | D85: Sell | E85: 600 | F85: 22.9 | G85: 46037 | H85: Settled
A86: BR089 | B86: 05/13/2026 | C86: CUK | D86: Buy | E86: 450 | F86: 18.6 | G86: 46037 | H86: Settled
A87: BR090 | B87: 05/13/2026 | C87: PLNT | D87: Sell | E87: 300 | F87: 72.35 | G87: 46037 | H87: Settled
A88: BR091 | B88: 05/14/2026 | C88: LULU | D88: Buy | E88: 250 | F88: 385.6 | G88: 46038 | H88: Settled
A89: BR092 | B89: 05/14/2026 | C89: DECK | D89: Sell | E89: 150 | F89: 985.4 | G89: 46038 | H89: Settled
A90: BR093 | B90: 05/14/2026 | C90: CROX | D90: Buy | E90: 700 | F90: 142.8 | G90: 46038 | H90: Settled
... A99: BR102 | B99: 05/14/2026 | C99: ZM | D99: Sell | E99: 400 | F99: 68.9 | G99: 46038 | H99: Settled

Sheet Reconciliation
A1: Trade_ID | B1: Security | C1: Int_Qty | D1: Int_Price | E1: Int_Status | F1: Broker_Qty | G1: Broker_Price | H1: Broker_Status | I1: Qty_Match | J1: Price_Match | K1: Status_Match | L1: Break_Type
A2: =Internal_Trades!A2 -> TR001 | B2: =Internal_Trades!C2 -> AAPL | C2: =Internal_Trades!E2 -> 1000 | D2: =Internal_Trades!F2 -> 175.5 | E2: =Internal_Trades!H2 -> Settled | F2: =IFERROR(_xlfn.XLOOKUP(B2,Broker_Confirms!C:C,Broker_Confirms!E:E),"NOT FOUND") -> 1000 | G2: =IFERROR(_xlfn.XLOOKUP(B2,Broker_Confirms!C:C,Broker_Confirms!F:F),"NOT FOUND") -> 175.5 | H2: =IFERROR(_xlfn.XLOOKUP(B2,Broker_Confirms!C:C,Broker_Confirms!H:H),"NOT FOUND") -> Settled | I2: =IF(F2="NOT FOUND","MISSING",IF(C2=F2,"MATCH","BREAK")) -> MATCH | J2: =IF(G2="NOT FOUND","MISSING",IF(D2=G2,"MATCH","BREAK")) -> MATCH | K2: =IF(H2="NOT FOUND","MISSING",IF(E2=H2,"MATCH","BREAK")) -> MATCH | L2: =IF(AND(I2="MATCH",J2="MATCH",K2="MATCH"),"OK",IF(OR(I2="MISSING",J2="MISSING",K2="MISSING"),"MISSING TRADE",IF(AND(I2="BREAK",J2="MATCH",K2="MATCH"),"QTY BREAK",IF(AND(I2="MATCH",J2="BREAK",K2="MATCH"),"PRICE BREAK",IF(AND(I2="MATCH",J2="MATCH",K2="BREAK"),"STATUS BREAK","MULTIPLE BREAKS"))))) -> OK
A3: =Internal_Trades!A3 -> TR002 | B3: =Internal_Trades!C3 -> MSFT | C3: =Internal_Trades!E3 -> 500 | D3: =Internal_Trades!F3 -> 420.25 | E3: =Internal_Trades!H3 -> Settled | F3: =IFERROR(_xlfn.XLOOKUP(B3,Broker_Confirms!C:C,Broker_Confirms!E:E),"NOT FOUND") -> 499 | G3: =IFERROR(_xlfn.XLOOKUP(B3,Broker_Confirms!C:C,Broker_Confirms!F:F),"NOT FOUND") -> 420.25 | H3: =IFERROR(_xlfn.XLOOKUP(B3,Broker_Confirms!C:C,Broker_Confirms!H:H),"NOT FOUND") -> Settled | I3: =IF(F3="NOT FOUND","MISSING",IF(C3=F3,"MATCH","BREAK")) -> BREAK | J3: =IF(G3="NOT FOUND","MISSING",IF(D3=G3,"MATCH","BREAK")) -> MATCH | K3: =IF(H3="NOT FOUND","MISSING",IF(E3=H3,"MATCH","BREAK")) -> MATCH | L3: =IF(AND(I3="MATCH",J3="MATCH",K3="MATCH"),"OK",IF(OR(I3="MISSING",J3="MISSING",K3="MISSING"),"MISSING TRADE",IF(AND(I3="BREAK",J3="MATCH",K3="MATCH"),"QTY BREAK",IF(AND(I3="MATCH",J3="BREAK",K3="MATCH"),"PRICE BREAK",IF(AND(I3="MATCH",J3="MATCH",K3="BREAK"),"STATUS BREAK","MULTIPLE BREAKS"))))) -> QTY BREAK
A4: =Internal_Trades!A4 -> TR003 | B4: =Internal_Trades!C4 -> GOOGL | C4: =Internal_Trades!E4 -> 300 | D4: =Internal_Trades!F4 -> 142.8 | E4: =Internal_Trades!H4 -> Settled | F4: =IFERROR(_xlfn.XLOOKUP(B4,Broker_Confirms!C:C,Broker_Confirms!E:E),"NOT FOUND") -> 300 | G4: =IFERROR(_xlfn.XLOOKUP(B4,Broker_Confirms!C:C,Broker_Confirms!F:F),"NOT FOUND") -> 142.8 | H4: =IFERROR(_xlfn.XLOOKUP(B4,Broker_Confirms!C:C,Broker_Confirms!H:H),"NOT FOUND") -> Settled | I4: =IF(F4="NOT FOUND","MISSING",IF(C4=F4,"MATCH","BREAK")) -> MATCH | J4: =IF(G4="NOT FOUND","MISSING",IF(D4=G4,"MATCH","BREAK")) -> MATCH | K4: =IF(H4="NOT FOUND","MISSING",IF(E4=H4,"MATCH","BREAK")) -> MATCH | L4: =IF(AND(I4="MATCH",J4="MATCH",K4="MATCH"),"OK",IF(OR(I4="MISSING",J4="MISSING",K4="MISSING"),"MISSING TRADE",IF(AND(I4="BREAK",J4="MATCH",K4="MATCH"),"QTY BREAK",IF(AND(I4="MATCH",J4="BREAK",K4="MATCH"),"PRICE BREAK",IF(AND(I4="MATCH",J4="MATCH",K4="BREAK"),"STATUS BREAK","MULTIPLE BREAKS"))))) -> OK
A5: =Internal_Trades!A5 -> TR004 | B5: =Internal_Trades!C5 -> TSLA | C5: =Internal_Trades!E5 -> 750 | D5: =Internal_Trades!F5 -> 245.6 | E5: =Internal_Trades!H5 -> Settled | F5: =IFERROR(_xlfn.XLOOKUP(B5,Broker_Confirms!C:C,Broker_Confirms!E:E),"NOT FOUND") -> 750 | G5: =IFERROR(_xlfn.XLOOKUP(B5,Broker_Confirms!C:C,Broker_Confirms!F:F),"NOT FOUND") -> 245.85 | H5: =IFERROR(_xlfn.XLOOKUP(B5,Broker_Confirms!C:C,Broker_Confirms!H:H),"NOT FOUND") -> Settled | I5: =IF(F5="NOT FOUND","MISSING",IF(C5=F5,"MATCH","BREAK")) -> MATCH | J5: =IF(G5="NOT FOUND","MISSING",IF(D5=G5,"MATCH","BREAK")) -> BREAK | K5: =IF(H5="NOT FOUND","MISSING",IF(E5=H5,"MATCH","BREAK")) -> MATCH | L5: =IF(AND(I5="MATCH",J5="MATCH",K5="MATCH"),"OK",IF(OR(I5="MISSING",J5="MISSING",K5="MISSING"),"MISSING TRADE",IF(AND(I5="BREAK",J5="MATCH",K5="MATCH"),"QTY BREAK",IF(AND(I5="MATCH",J5="BREAK",K5="MATCH"),"PRICE BREAK",IF(AND(I5="MATCH",J5="MATCH",K5="BREAK"),"STATUS BREAK","MULTIPLE BREAKS"))))) -> PRICE BREAK
A6: =Internal_Trades!A6 -> TR005 | B6: =Internal_Trades!C6 -> JPM | C6: =Internal_Trades!E6 -> 200 | D6: =Internal_Trades!F6 -> 158.9 | E6: =Internal_Trades!H6 -> Settled | F6: =IFERROR(_xlfn.XLOOKUP(B6,Broker_Confirms!C:C,Broker_Confirms!E:E),"NOT FOUND") -> 200 | G6: =IFERROR(_xlfn.XLOOKUP(B6,Broker_Confirms!C:C,Broker_Confirms!F:F),"NOT FOUND") -> 158.9 | H6: =IFERROR(_xlfn.XLOOKUP(B6,Broker_Confirms!C:C,Broker_Confirms!H:H),"NOT FOUND") -> Settled | I6: =IF(F6="NOT FOUND","MISSING",IF(C6=F6,"MATCH","BREAK")) -> MATCH | J6: =IF(G6="NOT FOUND","MISSING",IF(D6=G6,"MATCH","BREAK")) -> MATCH | K6: =IF(H6="NOT FOUND","MISSING",IF(E6=H6,"MATCH","BREAK")) -> MATCH | L6: =IF(AND(I6="MATCH",J6="MATCH",K6="MATCH"),"OK",IF(OR(I6="MISSING",J6="MISSING",K6="MISSING"),"MISSING TRADE",IF(AND(I6="BREAK",J6="MATCH",K6="MATCH"),"QTY BREAK",IF(AND(I6="MATCH",J6="BREAK",K6="MATCH"),"PRICE BREAK",IF(AND(I6="MATCH",J6="MATCH",K6="BREAK"),"STATUS BREAK","MULTIPLE BREAKS"))))) -> OK
A7: =Internal_Trades!A7 -> TR006 | B7: =Internal_Trades!C7 -> NVDA | C7: =Internal_Trades!E7 -> 400 | D7: =Internal_Trades!F7 -> 880 | E7: =Internal_Trades!H7 -> Settled | F7: =IFERROR(_xlfn.XLOOKUP(B7,Broker_Confirms!C:C,Broker_Confirms!E:E),"NOT FOUND") -> 400 | G7: =IFERROR(_xlfn.XLOOKUP(B7,Broker_Confirms!C:C,Broker_Confirms!F:F),"NOT FOUND") -> 880 | H7: =IFERROR(_xlfn.XLOOKUP(B7,Broker_Confirms!C:C,Broker_Confirms!H:H),"NOT FOUND") -> Settled | I7: =IF(F7="NOT FOUND","MISSING",IF(C7=F7,"MATCH","BREAK")) -> MATCH | J7: =IF(G7="NOT FOUND","MISSING",IF(D7=G7,"MATCH","BREAK")) -> MATCH | K7: =IF(H7="NOT FOUND","MISSING",IF(E7=H7,"MATCH","BREAK")) -> MATCH | L7: =IF(AND(I7="MATCH",J7="MATCH",K7="MATCH"),"OK",IF(OR(I7="MISSING",J7="MISSING",K7="MISSING"),"MISSING TRADE",IF(AND(I7="BREAK",J7="MATCH",K7="MATCH"),"QTY BREAK",IF(AND(I7="MATCH",J7="BREAK",K7="MATCH"),"PRICE BREAK",IF(AND(I7="MATCH",J7="MATCH",K7="BREAK"),"STATUS BREAK","MULTIPLE BREAKS"))))) -> OK
A8: =Internal_Trades!A8 -> TR007 | B8: =Internal_Trades!C8 -> META | C8: =Internal_Trades!E8 -> 600 | D8: =Internal_Trades!F8 -> 485.3 | E8: =Internal_Trades!H8 -> Settled | F8: =IFERROR(_xlfn.XLOOKUP(B8,Broker_Confirms!C:C,Broker_Confirms!E:E),"NOT FOUND") -> 600 | G8: =IFERROR(_xlfn.XLOOKUP(B8,Broker_Confirms!C:C,Broker_Confirms!F:F),"NOT FOUND") -> 485.3 | H8: =IFERROR(_xlfn.XLOOKUP(B8,Broker_Confirms!C:C,Broker_Confirms!H:H),"NOT FOUND") -> Settled | I8: =IF(F8="NOT FOUND","MISSING",IF(C8=F8,"MATCH","BREAK")) -> MATCH | J8: =IF(G8="NOT FOUND","MISSING",IF(D8=G8,"MATCH","BREAK")) -> MATCH | K8: =IF(H8="NOT FOUND","MISSING",IF(E8=H8,"MATCH","BREAK")) -> MATCH | L8: =IF(AND(I8="MATCH",J8="MATCH",K8="MATCH"),"OK",IF(OR(I8="MISSING",J8="MISSING",K8="MISSING"),"MISSING TRADE",IF(AND(I8="BREAK",J8="MATCH",K8="MATCH"),"QTY BREAK",IF(AND(I8="MATCH",J8="BREAK",K8="MATCH"),"PRICE BREAK",IF(AND(I8="MATCH",J8="MATCH",K8="BREAK"),"STATUS BREAK","MULTIPLE BREAKS"))))) -> OK
A9: =Internal_Trades!A9 -> TR008 | B9: =Internal_Trades!C9 -> AMZN | C9: =Internal_Trades!E9 -> 350 | D9: =Internal_Trades!F9 -> 178.45 | E9: =Internal_Trades!H9 -> Settled | F9: =IFERROR(_xlfn.XLOOKUP(B9,Broker_Confirms!C:C,Broker_Confirms!E:E),"NOT FOUND") -> 350 | G9: =IFERROR(_xlfn.XLOOKUP(B9,Broker_Confirms!C:C,Broker_Confirms!F:F),"NOT FOUND") -> 178.45 | H9: =IFERROR(_xlfn.XLOOKUP(B9,Broker_Confirms!C:C,Broker_Confirms!H:H),"NOT FOUND") -> Settled | I9: =IF(F9="NOT FOUND","MISSING",IF(C9=F9,"MATCH","BREAK")) -> MATCH | J9: =IF(G9="NOT FOUND","MISSING",IF(D9=G9,"MATCH","BREAK")) -> MATCH | K9: =IF(H9="NOT FOUND","MISSING",IF(E9=H9,"MATCH","BREAK")) -> MATCH | L9: =IF(AND(I9="MATCH",J9="MATCH",K9="MATCH"),"OK",IF(OR(I9="MISSING",J9="MISSING",K9="MISSING"),"MISSING TRADE",IF(AND(I9="BREAK",J9="MATCH",K9="MATCH"),"QTY BREAK",IF(AND(I9="MATCH",J9="BREAK",K9="MATCH"),"PRICE BREAK",IF(AND(I9="MATCH",J9="MATCH",K9="BREAK"),"STATUS BREAK","MULTIPLE BREAKS"))))) -> OK
A10: =Internal_Trades!A10 -> TR009 | B10: =Internal_Trades!C10 -> BRK.B | C10: =Internal_Trades!E10 -> 150 | D10: =Internal_Trades!F10 -> 420.75 | E10: =Internal_Trades!H10 -> Settled | F10: =IFERROR(_xlfn.XLOOKUP(B10,Broker_Confirms!C:C,Broker_Confirms!E:E),"NOT FOUND") -> 150 | G10: =IFERROR(_xlfn.XLOOKUP(B10,Broker_Confirms!C:C,Broker_Confirms!F:F),"NOT FOUND") -> 420.75 | H10: =IFERROR(_xlfn.XLOOKUP(B10,Broker_Confirms!C:C,Broker_Confirms!H:H),"NOT FOUND") -> Settled | I10: =IF(F10="NOT FOUND","MISSING",IF(C10=F10,"MATCH","BREAK")) -> MATCH | J10: =IF(G10="NOT FOUND","MISSING",IF(D10=G10,"MATCH","BREAK")) -> MATCH | K10: =IF(H10="NOT FOUND","MISSING",IF(E10=H10,"MATCH","BREAK")) -> MATCH | L10: =IF(AND(I10="MATCH",J10="MATCH",K10="MATCH"),"OK",IF(OR(I10="MISSING",J10="MISSING",K10="MISSING"),"MISSING TRADE",IF(AND(I10="BREAK",J10="MATCH",K10="MATCH"),"QTY BREAK",IF(AND(I10="MATCH",J10="BREAK",K10="MATCH"),"PRICE BREAK",IF(AND(I10="MATCH",J10="MATCH",K10="BREAK"),"STATUS BREAK","MULTIPLE BREAKS"))))) -> OK
A11: =Internal_Trades!A11 -> TR010 | B11: =Internal_Trades!C11 -> V | C11: =Internal_Trades!E11 -> 500 | D11: =Internal_Trades!F11 -> 275.2 | E11: =Internal_Trades!H11 -> Settled | F11: =IFERROR(_xlfn.XLOOKUP(B11,Broker_Confirms!C:C,Broker_Confirms!E:E),"NOT FOUND") -> 500 | G11: =IFERROR(_xlfn.XLOOKUP(B11,Broker_Confirms!C:C,Broker_Confirms!F:F),"NOT FOUND") -> 275.2 | H11: =IFERROR(_xlfn.XLOOKUP(B11,Broker_Confirms!C:C,Broker_Confirms!H:H),"NOT FOUND") -> Settled | I11: =IF(F11="NOT FOUND","MISSING",IF(C11=F11,"MATCH","BREAK")) -> MATCH | J11: =IF(G11="NOT FOUND","MISSING",IF(D11=G11,"MATCH","BREAK")) -> MATCH | K11: =IF(H11="NOT FOUND","MISSING",IF(E11=H11,"MATCH","BREAK")) -> MATCH | L11: =IF(AND(I11="MATCH",J11="MATCH",K11="MATCH"),"OK",IF(OR(I11="MISSING",J11="MISSING",K11="MISSING"),"MISSING TRADE",IF(AND(I11="BREAK",J11="MATCH",K11="MATCH"),"QTY BREAK",IF(AND(I11="MATCH",J11="BREAK",K11="MATCH"),"PRICE BREAK",IF(AND(I11="MATCH",J11="MATCH",K11="BREAK"),"STATUS BREAK","MULTIPLE BREAKS"))))) -> OK
A12: =Internal_Trades!A12 -> TR011 | B12: =Internal_Trades!C12 -> GS | C12: =Internal_Trades!E12 -> 250 | D12: =Internal_Trades!F12 -> 485.6 | E12: =Internal_Trades!H12 -> Pending | F12: =IFERROR(_xlfn.XLOOKUP(B12,Broker_Confirms!C:C,Broker_Confirms!E:E),"NOT FOUND") -> NOT FOUND | G12: =IFERROR(_xlfn.XLOOKUP(B12,Broker_Confirms!C:C,Broker_Confirms!F:F),"NOT FOUND") -> NOT FOUND | H12: =IFERROR(_xlfn.XLOOKUP(B12,Broker_Confirms!C:C,Broker_Confirms!H:H),"NOT FOUND") -> NOT FOUND | I12: =IF(F12="NOT FOUND","MISSING",IF(C12=F12,"MATCH","BREAK")) -> MISSING | J12: =IF(G12="NOT FOUND","MISSING",IF(D12=G12,"MATCH","BREAK")) -> MISSING | K12: =IF(H12="NOT FOUND","MISSING",IF(E12=H12,"MATCH","BREAK")) -> MISSING | L12: =IF(AND(I12="MATCH",J12="MATCH",K12="MATCH"),"OK",IF(OR(I12="MISSING",J12="MISSING",K12="MISSING"),"MISSING TRADE",IF(AND(I12="BREAK",J12="MATCH",K12="MATCH"),"QTY BREAK",IF(AND(I12="MATCH",J12="BREAK",K12="MATCH"),"PRICE BREAK",IF(AND(I12="MATCH",J12="MATCH",K12="BREAK"),"STATUS BREAK","MULTIPLE BREAKS"))))) -> MISSING TRADE
A13: =Internal_Trades!A13 -> TR012 | B13: =Internal_Trades!C13 -> NFLX | C13: =Internal_Trades!E13 -> 400 | D13: =Internal_Trades!F13 -> 625.8 | E13: =Internal_Trades!H13 -> Settled | F13: =IFERROR(_xlfn.XLOOKUP(B13,Broker_Confirms!C:C,Broker_Confirms!E:E),"NOT FOUND") -> 400 | G13: =IFERROR(_xlfn.XLOOKUP(B13,Broker_Confirms!C:C,Broker_Confirms!F:F),"NOT FOUND") -> 625.8 | H13: =IFERROR(_xlfn.XLOOKUP(B13,Broker_Confirms!C:C,Broker_Confirms!H:H),"NOT FOUND") -> Settled | I13: =IF(F13="NOT FOUND","MISSING",IF(C13=F13,"MATCH","BREAK")) -> MATCH | J13: =IF(G13="NOT FOUND","MISSING",IF(D13=G13,"MATCH","BREAK")) -> MATCH | K13: =IF(H13="NOT FOUND","MISSING",IF(E13=H13,"MATCH","BREAK")) -> MATCH | L13: =IF(AND(I13="MATCH",J13="MATCH",K13="MATCH"),"OK",IF(OR(I13="MISSING",J13="MISSING",K13="MISSING"),"MISSING TRADE",IF(AND(I13="BREAK",J13="MATCH",K13="MATCH"),"QTY BREAK",IF(AND(I13="MATCH",J13="BREAK",K13="MATCH"),"PRICE BREAK",IF(AND(I13="MATCH",J13="MATCH",K13="BREAK"),"STATUS BREAK","MULTIPLE BREAKS"))))) -> OK
... A101: =Internal_Trades!A101 -> TR100 | B101: =Internal_Trades!C101 -> RH | C101: =Internal_Trades!E101 -> 100 | D101: =Internal_Trades!F101 -> 312.9 | E101: =Internal_Trades!H101 -> Settled | F101: =IFERROR(_xlfn.XLOOKUP(B101,Broker_Confirms!C:C,Broker_Confirms!E:E),"NOT FOUND") -> 100 | G101: =IFERROR(_xlfn.XLOOKUP(B101,Broker_Confirms!C:C,Broker_Confirms!F:F),"NOT FOUND") -> 312.9 | H101: =IFERROR(_xlfn.XLOOKUP(B101,Broker_Confirms!C:C,Broker_Confirms!H:H),"NOT FOUND") -> Settled | I101: =IF(F101="NOT FOUND","MISSING",IF(C101=F101,"MATCH","BREAK")) -> MATCH | J101: =IF(G101="NOT FOUND","MISSING",IF(D101=G101,"MATCH","BREAK")) -> MATCH | K101: =IF(H101="NOT FOUND","MISSING",IF(E101=H101,"MATCH","BREAK")) -> MATCH | L101: =IF(AND(I101="MATCH",J101="MATCH",K101="MATCH"),"OK",IF(OR(I101="MISSING",J101="MISSING",K101="MISSING"),"MISSING TRADE",IF(AND(I101="BREAK",J101="MATCH",K101="MATCH"),"QTY BREAK",IF(AND(I101="MATCH",J101="BREAK",K101="MATCH"),"PRICE BREAK",IF(AND(I101="MATCH",J101="MATCH",K101="BREAK"),"STATUS BREAK","MULTIPLE BREAKS"))))) -> OK

Sheet Dashboard
A1: Created by: Vismay Somi Reddy
A2: Date: May 2026
A3: Purpose: Fund Operation Trade Reconciliation Framework - Portfolio Project
A5: TRADE RECONCILIATION DASHBOARD
A7: Total Trades: | B7: =COUNTA(Reconciliation!A2:A101) -> 100
A8: Clean Trades (OK): | B8: =COUNTIF(Reconciliation!L2:L101,"OK") -> 82
A9: Total Breaks: | B9: =B7-B8 -> 18
A11: BREAK BREAKDOWN:
A12: Quantity Breaks: | B12: =COUNTIF(Reconciliation!L2:L101,"QTY BREAK") -> 8
A13: Price Breaks: | B13: =COUNTIF(Reconciliation!L2:L101,"PRICE BREAK") -> 5
A14: Status Breaks: | B14: =COUNTIF(Reconciliation!L2:L101,"STATUS BREAK") -> 1
A15: Missing Trades: | B15: =COUNTIF(Reconciliation!L2:L101,"MISSING TRADE") -> 4
A16: Multiple Breaks: | B16: =COUNTIF(Reconciliation!L2:L101,"MULTIPLE BREAKS") -> 0
A18: Reconciliation Rate: | B18: =TEXT(B8/B7,"0.0%") -> 82.0%
A20: Note: This framework uses sample trade data for demonstration purposes. It models real fund operations reconciliation processes including trade matching, break detection, and exception reporting.

Sheet Reference
A1: Security | B1: Full_Name | C1: Sector | D1: Exchange | E1: Currency
A2: AAPL | B2: Apple Inc. | C2: Technology | D2: NASDAQ | E2: USD
A3: MSFT | B3: Microsoft Corporation | C3: Technology | D3: NASDAQ | E3: USD
A4: GOOGL | B4: Alphabet Inc. | C4: Technology | D4: NASDAQ | E4: USD
A5: TSLA | B5: Tesla Inc. | C5: Automotive | D5: NASDAQ | E5: USD
A6: JPM | B6: JPMorgan Chase & Co. | C6: Financials | D6: NYSE | E6: USD
A7: NVDA | B7: NVIDIA Corporation | C7: Technology | D7: NASDAQ | E7: USD
A8: META | B8: Meta Platforms Inc. | C8: Technology | D8: NASDAQ | E8: USD
A9: AMZN | B9: Amazon.com Inc. | C9: Consumer | D9: NASDAQ | E9: USD
A10: BRK.B | B10: Berkshire Hathaway | C10: Financials | D10: NYSE | E10: USD
A11: V | B11: Visa Inc. | C11: Financials | D11: NYSE | E11: USD
A12: GS | B12: Goldman Sachs Group | C12: Financials | D12: NYSE | E12: USD
... A103: ZM | B103: Zoom Video Communications | C103: Technology | D103: NASDAQ | E103: USD
A105: BREAK RESOLUTION GUIDELINES
A107: Break Type | B107: Resolution Process | C107: SLA | D107: Escalation
A108: QTY BREAK | B108: Contact broker operations; verify allocation | C108: 2 hours | D108: Trading desk if unresolved
A109: PRICE BREAK | B109: Check execution timestamps; verify avg price | C109: 2 hours | D109: Compliance if >0.5% variance
A110: STATUS BREAK | B110: Confirm settlement with custodian | C110: 4 hours | D110: Operations manager
A111: MISSING TRADE | B111: Request broker confirmation; check cancellations | C111: 1 hour | D111: Trading desk immediately
